{"cameraMode":{"drawMode":0,"name":"Shaded","section":"Shading Mode"},"sceneLighting":false,"audioPlay":false,"sceneViewState":{"showFog":false,"showMaterialUpdate":false,"showSkybox":false,"showFlares":false,"showImageEffects":false,"showParticleSystems":false},"in2DMode":false,"pivot":{"x":58.27016830444336,"y":0.784278392791748,"z":-24.02845001220703},"rotation":{"x":-0.13870881497859956,"y":-0.16751380264759065,"z":0.022843869403004648,"w":-0.9760916829109192},"size":21.018604278564454,"orthographic":false}