{"cameraMode":{"drawMode":0,"name":"Shaded","section":"Shading Mode"},"sceneLighting":true,"audioPlay":false,"sceneViewState":{"showFog":false,"showMaterialUpdate":false,"showSkybox":false,"showFlares":false,"showImageEffects":false,"showParticleSystems":false},"in2DMode":false,"pivot":{"x":18.287986755371095,"y":3.1330080032348635,"z":-19.94965934753418},"rotation":{"x":0.134134903550148,"y":0.7491177916526794,"z":-0.15958422422409059,"w":0.6288442015647888},"size":32.62788772583008,"orthographic":false}