{"cameraMode":{"drawMode":0,"name":"Shaded","section":"Shading Mode"},"sceneLighting":false,"audioPlay":false,"sceneViewState":{"showFog":false,"showMaterialUpdate":false,"showSkybox":false,"showFlares":false,"showImageEffects":false,"showParticleSystems":false},"in2DMode":false,"pivot":{"x":10.354089736938477,"y":4.261562347412109,"z":-23.740882873535158},"rotation":{"x":0.037163879722356799,"y":0.9571364521980286,"z":-0.2539622187614441,"w":0.13604304194450379},"size":4.448183059692383,"orthographic":false}