{"cameraMode":{"drawMode":0,"name":"Shaded","section":"Shading Mode"},"sceneLighting":true,"audioPlay":false,"sceneViewState":{"showFog":false,"showMaterialUpdate":false,"showSkybox":false,"showFlares":false,"showImageEffects":false,"showParticleSystems":false},"in2DMode":false,"pivot":{"x":34.6314811706543,"y":7.319902420043945,"z":-37.28318786621094},"rotation":{"x":-0.02061828225851059,"y":-0.9611935019493103,"z":0.26478704810142519,"w":-0.07483958452939987},"size":7.980682373046875,"orthographic":false}