{"cameraMode":{"drawMode":0,"name":"Shaded","section":"Shading Mode"},"sceneLighting":true,"audioPlay":false,"sceneViewState":{"showFog":true,"showMaterialUpdate":true,"showSkybox":true,"showFlares":true,"showImageEffects":true,"showParticleSystems":true},"in2DMode":false,"pivot":{"x":51.488067626953128,"y":-43.93212127685547,"z":94.03033447265625},"rotation":{"x":-0.23666220903396607,"y":-0.06058022379875183,"z":0.014894201420247555,"w":-0.9696453213691711},"size":125.8276596069336,"orthographic":false}