{"cameraMode":{"drawMode":0,"name":"Shaded","section":"Shading Mode"},"sceneLighting":false,"audioPlay":false,"sceneViewState":{"showFog":false,"showMaterialUpdate":false,"showSkybox":false,"showFlares":false,"showImageEffects":false,"showParticleSystems":false},"in2DMode":false,"pivot":{"x":18.78458023071289,"y":1.6438589096069337,"z":-18.613971710205079},"rotation":{"x":0.41200095415115359,"y":0.10416506230831146,"z":-0.04711560159921646,"w":0.9042057394981384},"size":19.890430450439454,"orthographic":false}