{"cameraMode":{"drawMode":0,"name":"Shaded","section":"Shading Mode"},"sceneLighting":false,"audioPlay":false,"sceneViewState":{"showFog":false,"showMaterialUpdate":false,"showSkybox":false,"showFlares":false,"showImageEffects":false,"showParticleSystems":false},"in2DMode":false,"pivot":{"x":44.627769470214847,"y":-0.012751579284667969,"z":-7.744445323944092},"rotation":{"x":0.25627732276916506,"y":0.5759965181350708,"z":-0.19605973362922669,"w":0.7512640357017517},"size":42.87913131713867,"orthographic":false}