{"cameraMode":{"drawMode":0,"name":"Shaded","section":"Shading Mode"},"sceneLighting":true,"audioPlay":false,"sceneViewState":{"showFog":true,"showMaterialUpdate":false,"showSkybox":true,"showFlares":true,"showImageEffects":true,"showParticleSystems":true},"in2DMode":false,"pivot":{"x":21.07680892944336,"y":-5.311932563781738,"z":-40.70438003540039},"rotation":{"x":-0.3149997293949127,"y":-0.4293273687362671,"z":0.16269005835056306,"w":-0.8307102918624878},"size":28.528263092041017,"orthographic":false}