{"cameraMode":{"drawMode":0,"name":"Shaded","section":"Shading Mode"},"sceneLighting":false,"audioPlay":false,"sceneViewState":{"showFog":false,"showMaterialUpdate":false,"showSkybox":false,"showFlares":false,"showImageEffects":false,"showParticleSystems":false},"in2DMode":false,"pivot":{"x":962.2762451171875,"y":303.83135986328127,"z":-155.791015625},"rotation":{"x":-0.10177696496248245,"y":0.030910782516002656,"z":-0.004033664241433144,"w":-0.9946094751358032},"size":1173.1954345703125,"orthographic":false}