{"cameraMode":{"drawMode":0,"name":"Shaded","section":"Shading Mode"},"sceneLighting":true,"audioPlay":false,"sceneViewState":{"showFog":true,"showMaterialUpdate":true,"showSkybox":true,"showFlares":true,"showImageEffects":true,"showParticleSystems":true},"in2DMode":false,"pivot":{"x":44.86083984375,"y":-12.133182525634766,"z":-6.867283821105957},"rotation":{"x":0.18127462267875672,"y":0.6673718690872192,"z":-0.17247475683689118,"w":0.7014634013175964},"size":64.50973510742188,"orthographic":false}