{"cameraMode":{"drawMode":0,"name":"Shaded","section":"Shading Mode"},"sceneLighting":true,"audioPlay":false,"sceneViewState":{"showFog":false,"showMaterialUpdate":false,"showSkybox":false,"showFlares":false,"showImageEffects":false,"showParticleSystems":false},"in2DMode":false,"pivot":{"x":9.871326446533204,"y":3.4148776531219484,"z":-25.61994171142578},"rotation":{"x":-0.024781888350844384,"y":-0.9694699048995972,"z":0.2176169455051422,"w":-0.1104011982679367},"size":4.69660758972168,"orthographic":false}