{"cameraMode":{"drawMode":0,"name":"Shaded","section":"Shading Mode"},"sceneLighting":false,"audioPlay":false,"sceneViewState":{"showFog":true,"showMaterialUpdate":false,"showSkybox":false,"showFlares":true,"showImageEffects":true,"showParticleSystems":true},"in2DMode":false,"pivot":{"x":7.715496063232422,"y":-0.39186692237854006,"z":5.057141304016113},"rotation":{"x":-0.14273719489574433,"y":-0.7468656301498413,"z":0.16998319327831269,"w":-0.6269644498825073},"size":5.876201629638672,"orthographic":false}