{"cameraMode":{"drawMode":0,"name":"Shaded","section":"Shading Mode"},"sceneLighting":true,"audioPlay":false,"sceneViewState":{"showFog":true,"showMaterialUpdate":true,"showSkybox":true,"showFlares":true,"showImageEffects":true,"showParticleSystems":true},"in2DMode":false,"pivot":{"x":12.58708667755127,"y":-2.92852783203125,"z":-28.770599365234376},"rotation":{"x":0.010741581209003926,"y":0.9826670289039612,"z":-0.17515929043293,"w":0.06024503707885742},"size":35.2278938293457,"orthographic":false}