{"cameraMode":{"drawMode":0,"name":"Shaded","section":"Shading Mode"},"sceneLighting":true,"audioPlay":false,"sceneViewState":{"showFog":true,"showMaterialUpdate":true,"showSkybox":true,"showFlares":true,"showImageEffects":true,"showParticleSystems":true},"in2DMode":false,"pivot":{"x":474.8856201171875,"y":617.8944702148438,"z":1747.1063232421875},"rotation":{"x":0.03988668695092201,"y":0.007497670594602823,"z":-0.0003097144654020667,"w":0.9992044568061829},"size":2941.351318359375,"orthographic":false}