{"cameraMode":{"drawMode":0,"name":"Shaded","section":"Shading Mode"},"sceneLighting":false,"audioPlay":false,"sceneViewState":{"showFog":false,"showMaterialUpdate":false,"showSkybox":false,"showFlares":false,"showImageEffects":false,"showParticleSystems":false},"in2DMode":false,"pivot":{"x":32.84575653076172,"y":0.41069507598876955,"z":-17.461456298828126},"rotation":{"x":-0.14082692563533784,"y":-0.8459927439689636,"z":0.2712210416793823,"w":-0.43738943338394167},"size":12.808001518249512,"orthographic":false}