{"cameraMode":{"drawMode":0,"name":"Shaded","section":"Shading Mode"},"sceneLighting":false,"audioPlay":false,"sceneViewState":{"showFog":false,"showMaterialUpdate":false,"showSkybox":false,"showFlares":false,"showImageEffects":false,"showParticleSystems":false},"in2DMode":false,"pivot":{"x":25.646812438964845,"y":12.377547264099121,"z":-18.191442489624025},"rotation":{"x":0.17301815748214723,"y":0.045225825160741809,"z":-0.007327938452363014,"w":0.9841184616088867},"size":31.160015106201173,"orthographic":false}