{"cameraMode":{"drawMode":0,"name":"Shaded","section":"Shading Mode"},"sceneLighting":true,"audioPlay":false,"sceneViewState":{"showFog":true,"showMaterialUpdate":true,"showSkybox":true,"showFlares":true,"showImageEffects":true,"showParticleSystems":true},"in2DMode":false,"pivot":{"x":691.8541259765625,"y":497.7506103515625,"z":639.7445068359375},"rotation":{"x":0.066825270652771,"y":-0.02693254128098488,"z":0.0017976139206439257,"w":0.9974285364151001},"size":1895.76025390625,"orthographic":false}