{"cameraMode":{"drawMode":0,"name":"Shaded","section":"Shading Mode"},"sceneLighting":true,"audioPlay":false,"sceneViewState":{"showFog":true,"showMaterialUpdate":true,"showSkybox":true,"showFlares":true,"showImageEffects":true,"showParticleSystems":true},"in2DMode":false,"pivot":{"x":28.249961853027345,"y":-10.423004150390625,"z":-3.2520179748535158},"rotation":{"x":-0.21033918857574464,"y":-0.6003037691116333,"z":0.16777561604976655,"w":-0.7532312273979187},"size":51.816097259521487,"orthographic":false}