{"cameraMode":{"drawMode":0,"name":"Shaded","section":"Shading Mode"},"sceneLighting":false,"audioPlay":false,"sceneViewState":{"showFog":false,"showMaterialUpdate":false,"showSkybox":false,"showFlares":false,"showImageEffects":false,"showParticleSystems":false},"in2DMode":false,"pivot":{"x":35.8979377746582,"y":5.840391635894775,"z":-5.801468849182129},"rotation":{"x":-0.2645794749259949,"y":-0.07525745034217835,"z":0.0201497171074152,"w":-0.9614232778549194},"size":1.6716408729553223,"orthographic":false}