{"cameraMode":{"drawMode":0,"name":"Shaded","section":"Shading Mode"},"sceneLighting":true,"audioPlay":false,"sceneViewState":{"showFog":true,"showMaterialUpdate":true,"showSkybox":true,"showFlares":true,"showImageEffects":true,"showParticleSystems":true},"in2DMode":false,"pivot":{"x":57.827117919921878,"y":3.6369998455047609,"z":-7.393026828765869},"rotation":{"x":-0.28477296233177187,"y":-0.6926220059394836,"z":0.35092082619667055,"w":-0.5622779726982117},"size":2.250584840774536,"orthographic":false}