{"cameraMode":{"drawMode":0,"name":"Shaded","section":"Shading Mode"},"sceneLighting":true,"audioPlay":false,"sceneViewState":{"showFog":true,"showMaterialUpdate":true,"showSkybox":true,"showFlares":true,"showImageEffects":true,"showParticleSystems":true},"in2DMode":false,"pivot":{"x":13.348852157592774,"y":4.36846923828125,"z":-11.344644546508789},"rotation":{"x":0.0980464369058609,"y":0.7735433578491211,"z":-0.12356714904308319,"w":0.6138441562652588},"size":12.541694641113282,"orthographic":false}