{"cameraMode":{"drawMode":0,"name":"Shaded","section":"Shading Mode"},"sceneLighting":true,"audioPlay":false,"sceneViewState":{"showFog":false,"showMaterialUpdate":false,"showSkybox":false,"showFlares":false,"showImageEffects":false,"showParticleSystems":false},"in2DMode":false,"pivot":{"x":8.933174133300782,"y":1.1660606861114503,"z":-28.94171905517578},"rotation":{"x":0.006295716390013695,"y":0.9597576856613159,"z":-0.27994537353515627,"w":0.021584298461675645},"size":8.080052375793457,"orthographic":false}