{"cameraMode":{"drawMode":0,"name":"Shaded","section":"Shading Mode"},"sceneLighting":false,"audioPlay":false,"sceneViewState":{"showFog":false,"showMaterialUpdate":false,"showSkybox":false,"showFlares":false,"showImageEffects":false,"showParticleSystems":false},"in2DMode":false,"pivot":{"x":35.76568603515625,"y":12.358436584472657,"z":-26.343002319335939},"rotation":{"x":-0.0009061697055585682,"y":0.9157889485359192,"z":-0.4024072587490082,"w":-0.006625249981880188},"size":6.675795078277588,"orthographic":false}