{"cameraMode":{"drawMode":0,"name":"Shaded","section":"Shading Mode"},"sceneLighting":false,"audioPlay":false,"sceneViewState":{"showFog":false,"showMaterialUpdate":false,"showSkybox":false,"showFlares":false,"showImageEffects":false,"showParticleSystems":false},"in2DMode":false,"pivot":{"x":58.57273483276367,"y":2.7920124530792238,"z":-18.084667205810548},"rotation":{"x":-0.008078633807599545,"y":-0.9597354531288147,"z":0.02108374796807766,"w":-0.281061053276062},"size":5.801175117492676,"orthographic":false}