{"cameraMode":{"drawMode":0,"name":"Shaded","section":"Shading Mode"},"sceneLighting":false,"audioPlay":false,"sceneViewState":{"showFog":false,"showMaterialUpdate":false,"showSkybox":false,"showFlares":false,"showImageEffects":false,"showParticleSystems":false},"in2DMode":false,"pivot":{"x":51.864891052246097,"y":-1.0382757186889649,"z":-24.47040557861328},"rotation":{"x":-0.01403388287872076,"y":0.9261192083358765,"z":-0.3758651912212372,"w":-0.03700929135084152},"size":8.682958602905274,"orthographic":false}