{"cameraMode":{"drawMode":0,"name":"Shaded","section":"Shading Mode"},"sceneLighting":false,"audioPlay":false,"sceneViewState":{"showFog":false,"showMaterialUpdate":false,"showSkybox":false,"showFlares":false,"showImageEffects":false,"showParticleSystems":false},"in2DMode":false,"pivot":{"x":47.25066375732422,"y":0.3385953903198242,"z":-48.44465255737305},"rotation":{"x":0.1161247119307518,"y":0.783649742603302,"z":-0.15332844853401185,"w":0.5910163521766663},"size":25.08499526977539,"orthographic":false}