{"cameraMode":{"drawMode":0,"name":"Shaded","section":"Shading Mode"},"sceneLighting":false,"audioPlay":false,"sceneViewState":{"showFog":false,"showMaterialUpdate":false,"showSkybox":false,"showFlares":false,"showImageEffects":false,"showParticleSystems":false},"in2DMode":false,"pivot":{"x":71.80337524414063,"y":-45.881343841552737,"z":77.09235382080078},"rotation":{"x":0.24124695360660554,"y":0.2015935778617859,"z":-0.05063602328300476,"w":0.9482191801071167},"size":105.50477600097656,"orthographic":false}