{"cameraMode":{"drawMode":0,"name":"Shaded","section":"Shading Mode"},"sceneLighting":false,"audioPlay":false,"sceneViewState":{"showFog":false,"showMaterialUpdate":false,"showSkybox":false,"showFlares":false,"showImageEffects":false,"showParticleSystems":false},"in2DMode":false,"pivot":{"x":28.26624298095703,"y":26.1065673828125,"z":-27.35555648803711},"rotation":{"x":0.1968529373407364,"y":0.7097434401512146,"z":-0.21473509073257447,"w":0.6418763995170593},"size":18.11667823791504,"orthographic":false}