{"cameraMode":{"drawMode":0,"name":"Shaded","section":"Shading Mode"},"sceneLighting":true,"audioPlay":false,"sceneViewState":{"showFog":false,"showMaterialUpdate":false,"showSkybox":false,"showFlares":false,"showImageEffects":false,"showParticleSystems":false},"in2DMode":false,"pivot":{"x":8.644346237182618,"y":4.822803974151611,"z":-20.57126235961914},"rotation":{"x":-0.24683447182178498,"y":-0.6982154846191406,"z":0.28009799122810366,"w":-0.6112369894981384},"size":1.8296232223510743,"orthographic":false}