{"cameraMode":{"drawMode":0,"name":"Shaded","section":"Shading Mode"},"sceneLighting":true,"audioPlay":false,"sceneViewState":{"showFog":true,"showMaterialUpdate":true,"showSkybox":true,"showFlares":true,"showImageEffects":true,"showParticleSystems":true},"in2DMode":false,"pivot":{"x":12.557435035705567,"y":2.331099033355713,"z":-6.809057712554932},"rotation":{"x":-0.21549314260482789,"y":-0.49200427532196047,"z":0.12717287242412568,"w":-0.8339143395423889},"size":13.384361267089844,"orthographic":false}