{"cameraMode":{"drawMode":0,"name":"Shaded","section":"Shading Mode"},"sceneLighting":true,"audioPlay":false,"sceneViewState":{"showFog":true,"showMaterialUpdate":false,"showSkybox":true,"showFlares":true,"showImageEffects":true,"showParticleSystems":true},"in2DMode":false,"pivot":{"x":26.428482055664064,"y":-4.058540344238281,"z":-44.60153579711914},"rotation":{"x":-0.3642677962779999,"y":-0.6101387739181519,"z":0.3722536265850067,"w":-0.5970839858055115},"size":111.24175262451172,"orthographic":false}