{"cameraMode":{"drawMode":0,"name":"Shaded","section":"Shading Mode"},"sceneLighting":true,"audioPlay":false,"sceneViewState":{"showFog":true,"showMaterialUpdate":false,"showSkybox":true,"showFlares":true,"showImageEffects":true,"showParticleSystems":true},"in2DMode":false,"pivot":{"x":28.034090042114259,"y":0.0025396347045898439,"z":-49.86812973022461},"rotation":{"x":-0.1499154269695282,"y":-0.6488232612609863,"z":0.13234294950962068,"w":-0.7343358993530273},"size":26.79045867919922,"orthographic":false}