{"cameraMode":{"drawMode":0,"name":"Shaded","section":"Shading Mode"},"sceneLighting":true,"audioPlay":false,"sceneViewState":{"showFog":true,"showMaterialUpdate":true,"showSkybox":true,"showFlares":true,"showImageEffects":true,"showParticleSystems":true},"in2DMode":false,"pivot":{"x":1151.162353515625,"y":537.0049438476563,"z":45.3798828125},"rotation":{"x":0.07432959973812103,"y":0.005988433491438627,"z":-0.0004564257396850735,"w":0.9972450733184815},"size":1488.9527587890625,"orthographic":false}