{"cameraMode":{"drawMode":0,"name":"Shaded","section":"Shading Mode"},"sceneLighting":true,"audioPlay":false,"sceneViewState":{"showFog":false,"showMaterialUpdate":false,"showSkybox":false,"showFlares":false,"showImageEffects":false,"showParticleSystems":false},"in2DMode":false,"pivot":{"x":1093.2000732421875,"y":173.08621215820313,"z":-59.8135986328125},"rotation":{"x":0.013508807867765427,"y":0.0022406913340091707,"z":0.001715842168778181,"w":1.0002317428588868},"size":1018.3018798828125,"orthographic":false}