{"cameraMode":{"drawMode":0,"name":"Shaded","section":"Shading Mode"},"sceneLighting":false,"audioPlay":false,"sceneViewState":{"showFog":true,"showMaterialUpdate":false,"showSkybox":false,"showFlares":true,"showImageEffects":true,"showParticleSystems":true},"in2DMode":false,"pivot":{"x":-7.631545066833496,"y":0.2676771879196167,"z":4.824238300323486},"rotation":{"x":0.18845374882221223,"y":0.7573028206825256,"z":-0.24877622723579408,"w":0.5736700296401978},"size":0.9936365485191345,"orthographic":false}