{"cameraMode":{"drawMode":0,"name":"Shaded","section":"Shading Mode"},"sceneLighting":true,"audioPlay":false,"sceneViewState":{"showFog":true,"showMaterialUpdate":true,"showSkybox":true,"showFlares":true,"showImageEffects":true,"showParticleSystems":true},"in2DMode":false,"pivot":{"x":42.60596466064453,"y":-19.26137351989746,"z":-6.300891876220703},"rotation":{"x":0.1981307864189148,"y":0.6591272950172424,"z":-0.18626096844673158,"w":0.7011750340461731},"size":58.24120330810547,"orthographic":false}