{"cameraMode":{"drawMode":0,"name":"Shaded","section":"Shading Mode"},"sceneLighting":true,"audioPlay":false,"sceneViewState":{"showFog":false,"showMaterialUpdate":false,"showSkybox":false,"showFlares":false,"showImageEffects":false,"showParticleSystems":false},"in2DMode":false,"pivot":{"x":8.155630111694336,"y":-0.4699723720550537,"z":-23.38053321838379},"rotation":{"x":0.24311760067939759,"y":0.19482162594795228,"z":-0.04991435632109642,"w":0.9489193558692932},"size":9.011539459228516,"orthographic":false}