{"cameraMode":{"drawMode":0,"name":"Shaded","section":"Shading Mode"},"sceneLighting":true,"audioPlay":false,"sceneViewState":{"showFog":false,"showMaterialUpdate":false,"showSkybox":false,"showFlares":false,"showImageEffects":false,"showParticleSystems":false},"in2DMode":false,"pivot":{"x":7.117362976074219,"y":1.4100353717803956,"z":-26.491436004638673},"rotation":{"x":0.17887936532497407,"y":0.7942029237747192,"z":-0.27735963463783266,"w":0.5103982090950012},"size":5.832523822784424,"orthographic":false}