{"cameraMode":{"drawMode":0,"name":"Shaded","section":"Shading Mode"},"sceneLighting":true,"audioPlay":false,"sceneViewState":{"showFog":false,"showMaterialUpdate":false,"showSkybox":false,"showFlares":false,"showImageEffects":false,"showParticleSystems":false},"in2DMode":false,"pivot":{"x":33.22237014770508,"y":-6.211379051208496,"z":-15.052258491516114},"rotation":{"x":-0.13798578083515168,"y":-0.6071438193321228,"z":0.10750854015350342,"w":-0.7752084136009216},"size":49.605140686035159,"orthographic":false}