{"cameraMode":{"drawMode":0,"name":"Shaded","section":"Shading Mode"},"sceneLighting":true,"audioPlay":false,"sceneViewState":{"showFog":true,"showMaterialUpdate":false,"showSkybox":true,"showFlares":true,"showImageEffects":true,"showParticleSystems":true},"in2DMode":false,"pivot":{"x":166.64981079101563,"y":333.25225830078127,"z":272.8904113769531},"rotation":{"x":-0.01587912067770958,"y":0.04738352820277214,"z":-0.0007554379990324378,"w":-0.9987556338310242},"size":1046.121826171875,"orthographic":false}