{"cameraMode":{"drawMode":0,"name":"Shaded","section":"Shading Mode"},"sceneLighting":false,"audioPlay":false,"sceneViewState":{"showFog":false,"showMaterialUpdate":false,"showSkybox":false,"showFlares":false,"showImageEffects":false,"showParticleSystems":false},"in2DMode":false,"pivot":{"x":32.51057815551758,"y":5.461922645568848,"z":-38.16889190673828},"rotation":{"x":0.22398316860198975,"y":0.7060068845748901,"z":-0.25349244475364687,"w":0.6225183606147766},"size":23.90361976623535,"orthographic":false}