{"cameraMode":{"drawMode":0,"name":"Shaded","section":"Shading Mode"},"sceneLighting":true,"audioPlay":false,"sceneViewState":{"showFog":false,"showMaterialUpdate":false,"showSkybox":false,"showFlares":false,"showImageEffects":false,"showParticleSystems":false},"in2DMode":false,"pivot":{"x":32.452430725097659,"y":0.4436612129211426,"z":-7.97804594039917},"rotation":{"x":0.15877321362495423,"y":0.5549349784851074,"z":-0.10850188881158829,"w":0.8094237446784973},"size":17.768659591674806,"orthographic":false}