{"cameraMode":{"drawMode":0,"name":"Shaded","section":"Shading Mode"},"sceneLighting":true,"audioPlay":false,"sceneViewState":{"showFog":false,"showMaterialUpdate":false,"showSkybox":false,"showFlares":false,"showImageEffects":false,"showParticleSystems":false},"in2DMode":false,"pivot":{"x":10.148788452148438,"y":0.9953699111938477,"z":-0.9152297973632813},"rotation":{"x":-0.10647370666265488,"y":-0.060401614755392078,"z":0.00567371491342783,"w":-0.9925763607025147},"size":45.00634765625,"orthographic":false}