{"cameraMode":{"drawMode":0,"name":"Shaded","section":"Shading Mode"},"sceneLighting":false,"audioPlay":false,"sceneViewState":{"showFog":false,"showMaterialUpdate":false,"showSkybox":false,"showFlares":false,"showImageEffects":false,"showParticleSystems":false},"in2DMode":false,"pivot":{"x":42.25762939453125,"y":-3.665855884552002,"z":8.246513366699219},"rotation":{"x":0.2659390866756439,"y":0.16404661536216737,"z":-0.04485056549310684,"w":0.9491312503814697},"size":90.45964050292969,"orthographic":false}