{"cameraMode":{"drawMode":0,"name":"Shaded","section":"Shading Mode"},"sceneLighting":true,"audioPlay":false,"sceneViewState":{"showFog":true,"showMaterialUpdate":true,"showSkybox":true,"showFlares":true,"showImageEffects":true,"showParticleSystems":true},"in2DMode":false,"pivot":{"x":9.01173210144043,"y":1.4833216667175294,"z":-18.12199592590332},"rotation":{"x":-0.0010833794949576259,"y":0.9682257175445557,"z":-0.25021734833717348,"w":-0.004003205336630344},"size":8.1739501953125,"orthographic":false}