{"cameraMode":{"drawMode":0,"name":"Shaded","section":"Shading Mode"},"sceneLighting":false,"audioPlay":false,"sceneViewState":{"showFog":false,"showMaterialUpdate":false,"showSkybox":false,"showFlares":false,"showImageEffects":false,"showParticleSystems":false},"in2DMode":false,"pivot":{"x":3.8294787406921388,"y":1.6382157802581788,"z":-22.749027252197267},"rotation":{"x":-0.08193139731884003,"y":0.9067549109458923,"z":-0.35707491636276247,"w":-0.20974376797676087},"size":5.4656901359558109,"orthographic":false}