{"cameraMode":{"drawMode":0,"name":"Shaded","section":"Shading Mode"},"sceneLighting":false,"audioPlay":false,"sceneViewState":{"showFog":false,"showMaterialUpdate":false,"showSkybox":false,"showFlares":false,"showImageEffects":false,"showParticleSystems":false},"in2DMode":false,"pivot":{"x":140.363525390625,"y":311.1239013671875,"z":65.2276611328125},"rotation":{"x":0.11598170548677445,"y":0.8066496253013611,"z":-0.16794833540916444,"w":0.5550311207771301},"size":298.29248046875,"orthographic":false}