{"cameraMode":{"drawMode":0,"name":"Shaded","section":"Shading Mode"},"sceneLighting":false,"audioPlay":false,"sceneViewState":{"showFog":false,"showMaterialUpdate":false,"showSkybox":false,"showFlares":false,"showImageEffects":false,"showParticleSystems":false},"in2DMode":false,"pivot":{"x":225.7850341796875,"y":337.0498046875,"z":0.0},"rotation":{"x":0.010509106330573559,"y":0.003555356990545988,"z":0.00029099229141138494,"w":1.0001399517059327},"size":687.0233154296875,"orthographic":false}