{"cameraMode":{"drawMode":0,"name":"Shaded","section":"Shading Mode"},"sceneLighting":true,"audioPlay":false,"sceneViewState":{"showFog":true,"showMaterialUpdate":true,"showSkybox":true,"showFlares":true,"showImageEffects":true,"showParticleSystems":true},"in2DMode":false,"pivot":{"x":20.920000076293947,"y":2.559999942779541,"z":-12.3100004196167},"rotation":{"x":-0.08593647927045822,"y":-0.8894859552383423,"z":0.1876748502254486,"w":-0.4078247547149658},"size":8.618561744689942,"orthographic":false}