{"cameraMode":{"drawMode":0,"name":"Shaded","section":"Shading Mode"},"sceneLighting":false,"audioPlay":false,"sceneViewState":{"showFog":false,"showMaterialUpdate":false,"showSkybox":false,"showFlares":false,"showImageEffects":false,"showParticleSystems":false},"in2DMode":false,"pivot":{"x":906.35009765625,"y":481.692138671875,"z":24.271728515625},"rotation":{"x":-0.0734119713306427,"y":0.017449941486120225,"z":-0.0031150581780821087,"w":-0.9974445700645447},"size":1341.3861083984375,"orthographic":false}